"CHROM","POS","ID","REF","ALT","QUAL","FILTER"
"chr1",13074650,"rs978714","T","A",41.2,"PASS"
"chr1",13355516,"rs855602","A","G",55.2,"PASS"
"chr1",24911849,"rs353900","G","A",55.7,"LowQual"
"chr1",32807682,"rs146418","T","A",20.1,"PASS"
"chr1",49851935,"rs285622","G","T",43.2,"LowQual"
"chr1",59672273,"rs282038","A","G",30.2,"LowQual"
"chr1",72617367,"rs507947","C","T",53.2,"PASS"
"chr1",114879669,"rs806196","G","T",40.5,"PASS"
"chr1",117510944,"rs919020","A","G",26.6,"LowQual"
"chr1",134323767,"rs470803","T","C",30.7,"LowQual"
"chr1",151070688,"rs612993","T","G",36.2,"PASS"
"chr1",152515410,"rs537306","A","T",24.8,"PASS"
"chr1",166022635,"rs980322","T","C",29.3,"PASS"
"chr1",176287616,"rs835840","C","G",50.3,"PASS"
"chr1",208288615,"rs374575","G","T",48.9,"PASS"
"chr1",220374235,"rs514948","T","G",53.2,"PASS"
"chr1",221969619,"rs233911","G","T",48.8,"LowQual"
"chr1",225616933,"rs293555","T","G",56.6,"PASS"
"chr10",16007698,"rs484985","C","T",57.9,"PASS"
"chr10",26627947,"rs112452","A","T",37.5,"PASS"
"chr10",55024575,"rs208955","C","A",25,"LowQual"
"chr10",66881690,"rs196569","A","G",54.9,"PASS"
"chr10",80711410,"rs390371","C","G",30.8,"LowQual"
"chr10",82196333,"rs552811","G","A",35.1,"PASS"
"chr10",84330852,"rs245216","G","T",52.3,"PASS"
"chr10",87258031,"rs745080","C","A",20.9,"PASS"
"chr10",90143928,"rs319353","C","G",59.3,"PASS"
"chr10",91883006,"rs797900","T","A",41.2,"PASS"
"chr10",104449953,"rs791184","G","C",53.5,"LowQual"
"chr10",122304298,"rs883020","T","C",52.2,"LowQual"
"chr10",124566640,"rs921465","C","T",49.2,"LowQual"
"chr10",139595837,"rs977828","T","G",49.5,"PASS"
"chr10",169492044,"rs387525","A","C",43.8,"PASS"
"chr10",184510160,"rs375300","A","C",45,"LowQual"
"chr10",195192219,"rs753178","C","T",48.2,"PASS"
"chr10",197478317,"rs832363","C","G",48.4,"LowQual"
"chr10",203187361,"rs220345","C","T",25.6,"PASS"
"chr10",203207853,"rs829582","G","C",26,"LowQual"
"chr10",211310073,"rs458573","G","A",24.9,"PASS"
"chr10",213940942,"rs332228","C","G",45.2,"PASS"
"chr10",216101871,"rs250888","T","G",21.1,"PASS"
"chr10",216930456,"rs779208","G","T",32,"PASS"
"chr10",232601281,"rs493159","A","G",23.8,"PASS"
"chr10",233916934,"rs843353","A","C",32.7,"PASS"
"chr10",236645969,"rs357948","C","G",35.8,"PASS"
"chr10",240590322,"rs827338","G","A",47.8,"LowQual"
"chr10",246829108,"rs447879","G","A",23.5,"PASS"
"chr11",26807711,"rs412356","C","A",39.4,"PASS"
"chr11",37472978,"rs933908","G","C",49.6,"PASS"
"chr11",68839121,"rs436267","T","G",34.2,"PASS"
"chr11",81905324,"rs427143","T","C",21.7,"PASS"
"chr11",86245676,"rs935950","G","T",40.5,"LowQual"
"chr11",87380219,"rs617488","C","A",56.8,"PASS"
"chr11",96264622,"rs323264","C","T",46.6,"PASS"
"chr11",134277436,"rs717407","C","A",55.8,"PASS"
"chr11",141527287,"rs429501","T","C",40.9,"PASS"
"chr11",146068596,"rs809397","A","C",22.3,"PASS"
"chr11",148648067,"rs852446","G","C",34.1,"PASS"
"chr11",154686032,"rs412049","T","C",32.9,"LowQual"
"chr11",194164248,"rs838806","T","A",25.9,"PASS"
"chr11",194244268,"rs419899","C","T",51.3,"PASS"
"chr11",199074438,"rs835671","T","A",41.5,"PASS"
"chr11",204054750,"rs184238","T","C",38.7,"PASS"
"chr11",205607924,"rs795106","T","G",24,"LowQual"
"chr11",223429495,"rs125139","G","A",49.1,"PASS"
"chr11",237703980,"rs965208","G","C",47.7,"LowQual"
"chr12",28157143,"rs503093","T","C",33,"PASS"
"chr12",103462666,"rs998686","G","T",54.8,"PASS"
"chr12",121809598,"rs154806","C","A",27.9,"PASS"
"chr12",143426807,"rs931173","C","G",45.9,"PASS"
"chr12",146952290,"rs284345","T","A",20.4,"PASS"
"chr12",157961694,"rs828040","A","G",53.2,"PASS"
"chr12",176328932,"rs430118","T","C",41.4,"PASS"
"chr12",207539615,"rs274087","A","G",52.5,"PASS"
"chr12",235991231,"rs383271","C","A",49.9,"PASS"
"chr12",240592453,"rs759396","A","C",54,"LowQual"
"chr12",242269238,"rs803519","T","A",35,"PASS"
"chr12",242805735,"rs950391","A","G",31.2,"LowQual"
"chr13",18888177,"rs873681","T","A",25.9,"PASS"
"chr13",20803658,"rs923969","C","A",50.6,"PASS"
"chr13",22106896,"rs547466","G","A",40.4,"PASS"
"chr13",66144410,"rs132725","A","C",46.7,"LowQual"
"chr13",84376751,"rs308649","G","C",43.6,"PASS"
"chr13",85482649,"rs391629","T","A",48.7,"PASS"
"chr13",97919271,"rs371678","A","C",48.8,"PASS"
"chr13",102026962,"rs359595","A","G",47.7,"LowQual"
"chr13",104652783,"rs717307","C","T",34.1,"PASS"
"chr13",113957742,"rs397342","A","T",44.4,"PASS"
"chr13",127908524,"rs389131","G","T",47.1,"PASS"
"chr13",143842014,"rs363653","G","A",52.1,"PASS"
"chr13",146877934,"rs290208","G","C",49.3,"PASS"
"chr13",152548514,"rs309456","C","A",31.1,"PASS"
"chr13",173638502,"rs554859","T","A",48.4,"LowQual"
"chr13",196036507,"rs516994","G","C",43.3,"PASS"
"chr13",240688596,"rs500633","A","T",37.3,"LowQual"
"chr13",241442468,"rs765837","A","G",38.3,"LowQual"
"chr13",247020615,"rs250098","A","G",39.7,"PASS"
"chr14",14286388,"rs251550","C","G",58.1,"PASS"
"chr14",20472063,"rs746363","G","A",56.5,"LowQual"
"chr14",38893283,"rs939773","T","G",57.4,"PASS"
"chr14",39372307,"rs770533","A","G",57.8,"LowQual"
"chr14",50763419,"rs277549","G","T",29.5,"LowQual"
"chr14",83960872,"rs206444","C","T",33.9,"PASS"
"chr14",90296617,"rs192770","T","A",54.9,"LowQual"
"chr14",99268372,"rs929149","G","C",56.2,"LowQual"
"chr14",126727475,"rs944698","C","A",33.6,"LowQual"
"chr14",133267671,"rs829528","G","A",46,"PASS"
"chr14",158872895,"rs704705","A","G",58.4,"LowQual"
"chr14",190344673,"rs890234","A","T",30.4,"PASS"
"chr14",204652225,"rs500959","C","G",48.1,"PASS"
"chr14",205050843,"rs166075","A","T",24,"PASS"
"chr14",227930074,"rs158478","G","A",38.6,"PASS"
"chr14",230248218,"rs534498","T","A",49.5,"LowQual"
"chr14",236320522,"rs543427","C","T",54.1,"PASS"
"chr15",14163455,"rs395220","A","G",56.2,"PASS"
"chr15",16819585,"rs349110","T","A",26.8,"PASS"
"chr15",71625331,"rs743483","T","G",47.4,"PASS"
"chr15",102733418,"rs816509","G","T",46.8,"PASS"
"chr15",104621972,"rs417264","C","T",22.1,"LowQual"
"chr15",109545329,"rs412956","G","T",30.5,"PASS"
"chr15",112012568,"rs611463","T","A",50.3,"PASS"
"chr15",122615176,"rs511553","G","A",50.7,"PASS"
"chr15",141602575,"rs465306","G","A",43.2,"LowQual"
"chr15",166752981,"rs372064","A","C",29.8,"PASS"
"chr15",175677238,"rs882977","C","T",52.5,"PASS"
"chr15",204721101,"rs158425","C","G",20.9,"PASS"
"chr15",208228700,"rs558454","C","G",31.7,"PASS"
"chr15",215821008,"rs284792","A","G",46.9,"PASS"
"chr16",8153097,"rs530250","G","C",21.5,"PASS"
"chr16",17268783,"rs542899","C","A",53.2,"PASS"
"chr16",23266507,"rs530589","C","G",25.7,"LowQual"
"chr16",24075071,"rs704826","A","G",38.5,"PASS"
"chr16",58319058,"rs941885","C","A",31.5,"LowQual"
"chr16",59741436,"rs599437","C","A",40,"PASS"
"chr16",70752160,"rs276331","T","A",49,"PASS"
"chr16",106345490,"rs454796","G","A",45.1,"PASS"
"chr16",116275667,"rs399300","T","A",48,"PASS"
"chr16",170869905,"rs939166","G","T",51.4,"PASS"
"chr16",189126097,"rs642654","T","G",43.1,"PASS"
"chr16",226836913,"rs929811","C","A",24.9,"PASS"
"chr16",233372299,"rs852339","C","G",50.8,"LowQual"
"chr16",234924349,"rs254097","G","C",55.4,"LowQual"
"chr17",10966246,"rs435496","G","A",48,"PASS"
"chr17",31569804,"rs334114","C","T",25.6,"PASS"
"chr17",43489947,"rs995179","C","T",50,"PASS"
"chr17",50339385,"rs313122","A","T",44.1,"LowQual"
"chr17",56050007,"rs905629","C","T",42.4,"LowQual"
"chr17",61381752,"rs810849","A","G",24,"LowQual"
"chr17",75333832,"rs485997","T","C",20.3,"PASS"
"chr17",84040689,"rs151683","G","A",33.7,"LowQual"
"chr17",84459774,"rs938422","A","T",26.7,"PASS"
"chr17",101654998,"rs268691","A","T",31.3,"PASS"
"chr17",115635229,"rs983590","G","T",25.2,"PASS"
"chr17",145509298,"rs143695","C","A",23.9,"PASS"
"chr17",208081431,"rs487745","T","G",29.2,"PASS"
"chr17",208304016,"rs898952","A","C",45.5,"PASS"
"chr17",221967435,"rs846949","A","C",27.5,"PASS"
"chr17",246295193,"rs334947","G","T",30.7,"PASS"
"chr17",246939878,"rs721641","A","G",49,"PASS"
"chr18",3353677,"rs170918","G","C",47.5,"PASS"
"chr18",7643114,"rs688828","A","T",45,"PASS"
"chr18",34363108,"rs563038","C","A",43.1,"LowQual"
"chr18",52205594,"rs290461","A","T",47.1,"PASS"
"chr18",62758936,"rs632200","G","C",57.2,"PASS"
"chr18",83997937,"rs672073","G","A",27.8,"LowQual"
"chr18",86963112,"rs930553","A","C",33.9,"PASS"
"chr18",94812942,"rs719800","G","C",38.3,"PASS"
"chr18",112411956,"rs686690","T","G",49.2,"PASS"
"chr18",134041745,"rs924234","A","G",41.6,"PASS"
"chr18",136364849,"rs386673","G","A",27.7,"PASS"
"chr18",148476487,"rs424417","A","C",43,"PASS"
"chr18",158309941,"rs251423","T","A",46.6,"PASS"
"chr18",178424321,"rs538716","C","A",44.7,"PASS"
"chr18",183544526,"rs146830","G","A",37,"PASS"
"chr18",207638537,"rs135066","C","G",40.6,"LowQual"
"chr18",219849442,"rs491469","C","A",47.5,"PASS"
"chr19",5256175,"rs144015","A","G",39.6,"LowQual"
"chr19",20109948,"rs346858","T","C",35.2,"LowQual"
"chr19",28751899,"rs123065","C","T",31.7,"PASS"
"chr19",46285476,"rs557363","C","G",59.5,"PASS"
"chr19",47869902,"rs535744","G","C",47.3,"LowQual"
"chr19",65880878,"rs496324","T","G",35.7,"PASS"
"chr19",76683696,"rs260058","C","G",54.3,"PASS"
"chr19",80667340,"rs406533","C","A",40.2,"LowQual"
"chr19",101865947,"rs980794","T","C",33.6,"PASS"
"chr19",112861705,"rs635985","G","A",37.3,"LowQual"
"chr19",115936474,"rs501058","C","G",55.1,"PASS"
"chr19",161392247,"rs746233","A","G",47.9,"LowQual"
"chr19",173281528,"rs665356","C","A",59.7,"PASS"
"chr19",174030537,"rs712051","G","C",47.3,"PASS"
"chr19",174255922,"rs617009","T","G",32.8,"LowQual"
"chr19",233896433,"rs525374","A","T",51.7,"LowQual"
"chr2",15491810,"rs839023","C","A",29.3,"PASS"
"chr2",20180240,"rs748481","A","C",25.5,"LowQual"
"chr2",66671678,"rs894610","G","A",21.4,"PASS"
"chr2",76288587,"rs318033","T","A",38.5,"PASS"
"chr2",95196634,"rs790908","A","C",50.8,"PASS"
"chr2",114072658,"rs608405","A","G",29.8,"PASS"
"chr2",115429600,"rs665625","G","A",48.2,"PASS"
"chr2",121752801,"rs912286","C","G",52.6,"PASS"
"chr2",140653100,"rs349215","C","A",26,"LowQual"
"chr2",154377081,"rs497643","C","T",27.6,"PASS"
"chr2",155965192,"rs974241","A","T",47.3,"PASS"
"chr2",172323874,"rs585575","C","G",37.1,"LowQual"
"chr2",180907492,"rs945711","G","C",54.8,"PASS"
"chr2",209618656,"rs742468","T","C",24,"PASS"
"chr2",213259892,"rs964390","C","T",47.2,"PASS"
"chr2",221377126,"rs983260","G","C",59.1,"LowQual"
"chr2",231856641,"rs692119","C","T",28.9,"LowQual"
"chr20",2747911,"rs356639","C","G",30.7,"LowQual"
"chr20",3089571,"rs475171","T","A",34.8,"PASS"
"chr20",8740952,"rs952382","A","C",23.5,"PASS"
"chr20",14921339,"rs473799","G","T",41.9,"PASS"
"chr20",28312571,"rs677804","C","T",33.5,"PASS"
"chr20",28332811,"rs606845","A","G",36.2,"LowQual"
"chr20",42660392,"rs194618","T","C",41,"PASS"
"chr20",59961110,"rs890394","C","T",40.7,"PASS"
"chr20",67442316,"rs495405","G","C",27.7,"PASS"
"chr20",89597544,"rs623165","G","T",36.7,"PASS"
"chr20",100210031,"rs782007","G","A",55.7,"PASS"
"chr20",112365652,"rs501008","T","A",51.5,"LowQual"
"chr20",118212849,"rs318042","C","T",44.3,"LowQual"
"chr20",118902318,"rs906283","C","T",53.9,"PASS"
"chr20",133008885,"rs943492","C","T",39.4,"PASS"
"chr20",136882589,"rs683050","T","G",39.8,"LowQual"
"chr20",140531837,"rs662625","T","A",35.2,"LowQual"
"chr20",215908365,"rs778017","A","G",58.9,"PASS"
"chr21",13533853,"rs698214","C","G",51.3,"LowQual"
"chr21",23919498,"rs442520","C","T",28.5,"LowQual"
"chr21",37665422,"rs849569","A","T",35.6,"PASS"
"chr21",41625395,"rs685079","A","C",34.6,"PASS"
"chr21",54461521,"rs811053","G","C",30.8,"PASS"
"chr21",91506154,"rs291771","G","C",45.4,"LowQual"
"chr21",116648514,"rs360314","A","C",22.6,"PASS"
"chr21",168314154,"rs914145","C","A",57.3,"LowQual"
"chr21",168468370,"rs698554","C","A",21.4,"PASS"
"chr21",169305470,"rs640344","C","G",35.9,"PASS"
"chr21",177766541,"rs163994","A","C",59.3,"PASS"
"chr21",182352542,"rs857244","G","A",37.5,"PASS"
"chr21",186293300,"rs193099","G","A",56.3,"LowQual"
"chr21",189320957,"rs289169","A","G",46.2,"PASS"
"chr21",189339912,"rs676292","A","G",49.2,"PASS"
"chr21",206068427,"rs237655","C","G",37.6,"LowQual"
"chr21",208454408,"rs743423","T","A",39,"LowQual"
"chr21",208811392,"rs870521","A","C",24.4,"LowQual"
"chr21",245650480,"rs417283","A","C",31.4,"PASS"
"chr22",6091557,"rs293935","G","A",25.8,"LowQual"
"chr22",26522059,"rs986772","A","T",20.3,"LowQual"
"chr22",30444276,"rs241362","C","G",30.8,"PASS"
"chr22",32451675,"rs876134","G","T",28.7,"PASS"
"chr22",38399658,"rs665350","T","G",38.5,"PASS"
"chr22",46256998,"rs278508","G","C",34.5,"PASS"
"chr22",50751025,"rs402511","T","A",45,"PASS"
"chr22",65363765,"rs949571","G","C",43.5,"PASS"
"chr22",85031865,"rs444371","G","A",21.2,"LowQual"
"chr22",98121170,"rs195595","G","A",24.5,"PASS"
"chr22",116402498,"rs406444","G","C",47.7,"PASS"
"chr22",128791278,"rs110622","G","A",41.5,"PASS"
"chr22",144668797,"rs425384","G","T",58.5,"LowQual"
"chr22",146677831,"rs895558","A","G",55,"PASS"
"chr22",200594141,"rs513149","G","A",29.7,"PASS"
"chr22",222165971,"rs582449","A","G",43.4,"LowQual"
"chr22",230739502,"rs286173","A","C",24.8,"LowQual"
"chr22",234491141,"rs611157","T","C",33.6,"LowQual"
"chr22",237456471,"rs486367","T","G",41.8,"PASS"
"chr22",239028209,"rs742748","T","C",57.9,"LowQual"
"chr22",239533459,"rs877690","C","T",58.3,"PASS"
"chr3",7931631,"rs688868","A","G",52.1,"PASS"
"chr3",9522393,"rs282070","G","T",25.1,"PASS"
"chr3",43608091,"rs814176","G","A",22,"PASS"
"chr3",44144361,"rs686903","G","C",40.4,"LowQual"
"chr3",49835378,"rs547918","G","A",21.9,"PASS"
"chr3",92713278,"rs476978","G","T",55.9,"PASS"
"chr3",96927657,"rs823420","G","A",35,"PASS"
"chr3",109077058,"rs151406","C","T",56.8,"LowQual"
"chr3",118184987,"rs190575","A","C",36.3,"LowQual"
"chr3",120165616,"rs958911","T","G",54.3,"PASS"
"chr3",159781075,"rs459936","A","G",47,"PASS"
"chr3",162834256,"rs660993","T","A",33.2,"LowQual"
"chr3",166943551,"rs537714","T","A",21.3,"PASS"
"chr4",2019591,"rs568364","A","T",50.4,"PASS"
"chr4",18151696,"rs611030","A","G",27.6,"PASS"
"chr4",20788632,"rs656028","A","T",43,"LowQual"
"chr4",21809796,"rs464123","A","T",35.3,"PASS"
"chr4",50686988,"rs872158","A","T",54.1,"LowQual"
"chr4",70239107,"rs516485","C","T",57.3,"PASS"
"chr4",93852348,"rs500929","T","A",42.3,"PASS"
"chr4",95972171,"rs426912","A","T",46.9,"LowQual"
"chr4",111699056,"rs380747","G","T",55.4,"PASS"
"chr4",162153745,"rs971288","G","T",57.7,"PASS"
"chr4",166748123,"rs169346","C","T",36.2,"PASS"
"chr4",199989465,"rs145030","A","C",35.3,"PASS"
"chr4",208985597,"rs843161","C","A",58.7,"PASS"
"chr4",215878012,"rs276918","A","G",44.8,"PASS"
"chr4",229664807,"rs327335","C","T",58.8,"PASS"
"chr4",237786835,"rs882178","A","C",37.9,"PASS"
"chr5",3533356,"rs171449","C","A",37.6,"PASS"
"chr5",4759860,"rs869027","G","C",20,"PASS"
"chr5",19397257,"rs642761","C","T",30.5,"PASS"
"chr5",48627671,"rs434739","T","A",30.4,"LowQual"
"chr5",50027504,"rs293040","T","A",51.9,"PASS"
"chr5",53073374,"rs845589","A","T",23.2,"LowQual"
"chr5",72355981,"rs817737","C","A",57.6,"PASS"
"chr5",79315893,"rs795521","T","A",43.1,"PASS"
"chr5",83923284,"rs504802","G","A",27.1,"PASS"
"chr5",95507020,"rs345286","A","T",27,"PASS"
"chr5",110113804,"rs688707","G","T",35.6,"PASS"
"chr5",116437221,"rs126715","A","T",29.8,"LowQual"
"chr5",126069065,"rs863174","A","G",47.9,"LowQual"
"chr5",153888794,"rs231458","T","A",43.6,"PASS"
"chr5",189409461,"rs766441","A","T",45.7,"PASS"
"chr5",191908787,"rs253058","T","G",37.7,"PASS"
"chr5",199929129,"rs686804","T","C",57.4,"PASS"
"chr6",2321962,"rs629782","T","A",26.3,"PASS"
"chr6",20095475,"rs666431","A","T",27.8,"LowQual"
"chr6",24119243,"rs686371","A","G",36.6,"PASS"
"chr6",66017469,"rs829161","A","G",58.8,"PASS"
"chr6",72614679,"rs644988","A","G",24.7,"PASS"
"chr6",81123426,"rs707952","A","G",31.3,"PASS"
"chr6",81344024,"rs139074","G","C",59.9,"PASS"
"chr6",90679882,"rs195255","T","G",20.1,"PASS"
"chr6",111530156,"rs102701","A","C",41.4,"PASS"
"chr6",118329729,"rs174370","G","C",27.2,"PASS"
"chr6",142166308,"rs936157","C","A",44.2,"LowQual"
"chr6",154594314,"rs661845","A","T",26.6,"PASS"
"chr6",161887870,"rs216779","A","C",56.5,"LowQual"
"chr6",164584983,"rs599973","G","A",36.7,"PASS"
"chr6",173603983,"rs225235","C","A",59.8,"PASS"
"chr6",209227462,"rs605502","C","G",48.3,"PASS"
"chr6",212177721,"rs479456","T","C",55.8,"PASS"
"chr6",213208292,"rs192479","A","C",37.7,"PASS"
"chr6",235129148,"rs971147","A","T",32.8,"LowQual"
"chr6",247158592,"rs670936","A","C",34.4,"PASS"
"chr6",247423423,"rs261281","T","A",38.2,"PASS"
"chr7",5517670,"rs101436","T","C",53.9,"PASS"
"chr7",5772640,"rs488825","C","G",58.6,"PASS"
"chr7",28515576,"rs132889","A","G",55.9,"LowQual"
"chr7",67310742,"rs163627","C","A",51.4,"PASS"
"chr7",81066503,"rs468600","G","C",43.2,"PASS"
"chr7",90788832,"rs821440","G","C",41.6,"PASS"
"chr7",137316381,"rs240433","G","T",22.7,"PASS"
"chr7",139448425,"rs653341","C","A",25.4,"PASS"
"chr7",184190830,"rs664019","C","G",53.8,"PASS"
"chr7",184912928,"rs898634","T","A",37.4,"LowQual"
"chr7",192307805,"rs824885","T","C",56.1,"PASS"
"chr8",1232856,"rs401108","C","G",57.3,"PASS"
"chr8",19608689,"rs468689","T","G",56.9,"LowQual"
"chr8",90311827,"rs831859","A","T",26.6,"PASS"
"chr8",105769961,"rs459565","C","G",57.9,"PASS"
"chr8",166557499,"rs211808","T","C",40.4,"PASS"
"chr8",178447385,"rs545988","C","G",47.5,"PASS"
"chr8",179986529,"rs538190","C","T",55.4,"PASS"
"chr9",1894012,"rs858394","A","T",49.3,"PASS"
"chr9",2191998,"rs685837","G","T",42.5,"PASS"
"chr9",4966169,"rs580939","G","T",53.5,"PASS"
"chr9",6485790,"rs130483","G","A",51.5,"LowQual"
"chr9",23622896,"rs596175","C","T",23.9,"PASS"
"chr9",26688585,"rs128813","T","C",24.2,"PASS"
"chr9",35022634,"rs554434","G","T",29.2,"LowQual"
"chr9",53721685,"rs719419","G","T",21.5,"PASS"
"chr9",61851933,"rs532862","C","A",38.8,"PASS"
"chr9",80162474,"rs574364","G","A",28.9,"LowQual"
"chr9",85683040,"rs925285","A","C",49.2,"PASS"
"chr9",112286596,"rs422463","G","C",22.2,"PASS"
"chr9",113831500,"rs379244","T","C",57.2,"LowQual"
"chr9",124564600,"rs929722","C","T",57.7,"LowQual"
"chr9",131384591,"rs137682","G","A",46.5,"PASS"
"chr9",163185563,"rs426588","C","G",28.8,"LowQual"
"chr9",203905085,"rs829921","T","A",57.4,"LowQual"
"chr9",235946085,"rs818204","A","G",45.2,"PASS"
